KPI,Value
Revenue Leakage %,0.006802243316677433
Repeat Purchase %,0.030528191154894153
Average Order Value,140.67898994167865
Churn Risk %,0.8099245441207295
Average CLV,174.4260249423601
Avg Delivery Time,12.022588617548953
Customer Satisfaction,4.031389561245014
